no,Tgl_Iklan,url,harga_juta,Kota,LT,LB,KT,KM,KTP,KMP,carport,garasi,listrik,surat,judul,deskripsi
1,6/5/2021,https://www.rumah123.com/properti/makassar/hos8395049/,748,Makassar,73,60,3,2,0,0,1,0,2200,SHM,"RUMAH KLASIK HARGA MENARIK, DEKAT BANDARA SULTAN HASANUDDIN DAN JALAN TOLL","Ini bukan di eropa yahh...
ini Rumah klasik yg kini hadir di kota makassar

Anda berminat memiliki rumah ini??
ayoo segera ikutan NUP

Harga masih 700an jt lohh

segera hubungi:
marketing executive
Resky Property Makassar
.085298297272"
2,6/5/2021,https://www.rumah123.com/properti/makassar/hos8392211/,6900,Makassar,350,1125,6,7,1,1,1,1,4400,SHM,Rumah Modern Artistik 4 1/2 Lantai,"Rumah Dijual Makassar Water Heater Sentral
11 unit AC
Semi Furnished
SHM

"
3,6/4/2021,https://www.rumah123.com/properti/makassar/hos8388986/,2500,Makassar,180,182,5,4,1,1,2,0,2200,SHM,Hanya 12 Unit Rumah Mewah Lokasi Premium,"*Tipe AQUAMARINE*Cluster Blue Aqua Citraland Tallasa City Makassar

Jl Jalur Lingkar Barat. Akses Tol dan Poros Perintis

Aquamarine A ( 3 Master Bedroom 4+1)
Aquamarine B ( 2 Master Bedroom 5+1)
LT : 180 / LB : 182
- Harga Mulai 2.5M
- Dilengkapi Fasilitas Club House, Gedung Serbaguna & Masjid
- Waterpark Ciputra
- Sekolah Citra Kasih
- Universitas Bina Nusantara
- Singapore International School"
4,6/3/2021,https://www.rumah123.com/properti/makassar/hos8382796/,350,Makassar,72,36,2,1,0,0,0,0,1300,SHM,"hunian cantik dan asri,minimalis,bebas riba","Promo Rumah di Jalan Poros, Lokasi Printis Kemerdekaan 3 Samping Kampus Unhas dan PNUP.
Dekat Mall MTOS
Dekat Dinas Pendidikan
Dekat Rumah Sakit Unhas dan Wahidin
#Berkas KK dan KTP aja (Berlaku Umum).
#Tanpa_BI_Checking
#Tanpa_Sita
#Tanpa_Penalty
#Tanpa_Denda
#Angsuran_Flat
Promo Cash rumah 2 lantai 160/120 (4KT, 4KM), luas tanah 8x15m. Hanya 1M 317jt. Sisa 2 unit.
DP 617jt, angsuran 9.500.000/bulan (10 tahun).
Promo cash rumah 1 lantai tipe 90/144 (4KT, 2KM), Luas tanah 13x12x10m. Hanya 788jt. Sisa 1 unit. DP 258 JT, angsuran 7.500.000/bulan (10 tahun)
Promo cash rumah 1 lantai tipe 60/84 (3KT, 1KM), Luas tanah 6x14m. Hanya 657jt. Sisa 1 unit. DP 207 JT, angsuran 5.500.000/bulan (10 tahun)
Promo cash rumah 2 lantai tipe 80/60 (3KT, 2KM), luas tanah 4x15m, Hanya 657jt. Sisa 5 Unit. DP 207 JT, angsuran 5jt/bulan (10 tahun)
Promo cash rumah tipe 45/72 (2KT, 1KM), luas tanah 6,5x12x5m, Hanya 397jt. Sisa 2 Unit.
DP 137j"
5,6/3/2021,https://www.rumah123.com/properti/makassar/hos8382190/,1000,Makassar,102,225,3,2,0,0,0,0,2200,SHM,"Rumah siap huni, full perabot, 2,5 lantai, langsung huni","Rumah Dijual Makassar jual cepat, nego

rumah siap huni
full perabot dan elektronik
kulkas 2 pintu
TV, AC,
dinding full wallpaper
3 kamar tidur ukuran besar
sofa, lemari pakaian dan spring bed
balkon lantai 2 sangat luas
lantai 3 ruang jemur dan cuci"
6,6/3/2021,https://www.rumah123.com/properti/makassar/hos8381868/,825,Makassar,120,84,2,1,0,0,0,0,2200,SHM,"rumah asri, tanjung bunga, cluster the clove, 1 lantai","Rumah Dijual Makassar The Clove Residence
Tanjung Bunga
"
7,6/3/2021,https://www.rumah123.com/properti/makassar/hos8381780/,3950,Makassar,153,180,4,4,1,1,0,0,2200,SHM,Green City B Sungai Saddang Luas tanah 9m x 17m Luas total bangunan +- 180 m persegi. * Kamar tidur ada 4 plus 1 k Tidur pembantu. 1 k. Tidur utama ygluas berlantai lapis kayu km mandi dalam di lantai atas.,"Green City B Sungai Saddang
Luas tanah 9m x 17m
Luas total bangunan +- 180 m persegi.
* Kamar tidur ada 4 plus 1 k Tidur pembantu.
1 k. Tidur utama ygluas berlantai lapis kayu km mandi dalam di lantai atas.
2 kamar tidur di lantai atas dn 1 km mandi.
1 kamar tidur di lantai bawah dn 1km mandi.
1 kamar tidur pembantu di lantai bawah dn km mandi
Total ada 5 kamar tidur. *k.mandi total ada 5.
1 di dalam k. Tidur utama. 1 di lantai atas, 1 di lantai bawah 2 lagi k.mandi kecil untuk pembantu dan tamu
* Ruang jemur ada di lantai atas belakang.
*Parkir bisa untuk 2 mobil.
Ada halaman belakang untuk taman.
*Sdh trpasang instalasi untuk tv, AC, air panas
*Air ada PAM plus sumur bor.
Tandon air di atas dan ada 2 pompa air. *Listrik 2.200 Watt
Rp. 3.95 Mlyr

Subscribe dan Lihat Stock ter Update dan Property Terbaik Yang bisa Anda Miliki..

Youtube Channel ;
https://www.youtube.com/channel/UC8b0dD7TLPdJt5kK2B9QR8g

INSTAGRAM ;
Rumah_Property_Makassar
https://www.instagram.com/invites/contact/?i=1nc4xtezidfct utm_con"
8,6/3/2021,https://www.rumah123.com/properti/makassar/hos8381718/,2581,Makassar,180,182,3,2,1,1,0,0,2200,SHM,Rumah Mewah Citraland Tallasa city type Aquamarine,"Rumah Dijual Makassar Rumah Mewah Dekat Jl. Perintis kemerdekaan .
bisa diakses dr Jl. Tol Ir. Sutami dan jl. perintis.
dekat bandara
dekat pelabuhan
dekat rumah sakit Wahidin
dekat kampus Unhas
dekat pusat perkantoran dan bisnis
"
9,6/2/2021,https://www.rumah123.com/properti/makassar/hos8380893/,2000,Makassar,153,200,4,3,1,1,1,1,3300,SHM,RUMAH MEWAH (LUAS 9 X 17) DEKAT KANTOR DPRD & TOL LAYANG PETTARANI PANAKKUKANG,"DIPASARKAN RUMAH MEWAH TENGAH KOTA MAKASSAR.

Type 210/153 (9 x 17)
5 KT, 4 KM sdh ada carport dan GARASI

Full renovasi

Harga 2 M Nett, Pajak masing masing

Lokasi premium, jln Hertasning Lama, dekat TOL LAYANG PETTARANI

Keamanan 24 jam dan BEBAS BANJIR

STOK HANYA 1 UNIT."
10,6/2/2021,https://www.rumah123.com/properti/makassar/hos8380891/,450,Makassar,90,60,2,2,0,0,1,0,1300,SHM,RUMAH SIAP HUNI (6 X 15) DEKAT KAMPUS UNISMUH ALAUDDIN & UNM MALLENGKERI,"DIPASARKAN RUMAH SIAP HUNI TENGAH KOTA MAKASSAR

Type 60/90 (6 X 15)
2 KT, 2 KM
Full renov

Harga 450 juta nett, *TIDAK LAYANI NEGO*

Lokasi strategis *jln Sultan Alauddin Gunung Sari*,msuk samping pompa bensin. Dekat kampus UNISMUH dan UNM mallengkeri.

Sistem cluster dan BEBAS BANJIR

*HANYA 1 UNIT*

*Tdk layani share lokasi*

*Pembeli langsung, silahkan ketemu langsung utk tahu lokasi*"
11,6/2/2021,https://www.rumah123.com/properti/makassar/hos8380885/,536,Makassar,75,45,2,1,0,0,1,0,1300,SHM,"RUMAH MURAH SIAP HUNI DEKAT KAMPUS UMI, BOSOWA, MALL NIPAH. Urip sumoharjo","DIPASARAKAN PERUMAHAN TENGAH KOTA MAKASSAR.

Type 45/75 (6 x 12,5)
2 KT, 1 KM

HARGA MULAI 536 JUTA

KPR DP 10% ANGS 4 JUTA AN

lokasi strategis dekat jln urip sumoharjo, dekat kampus UMI, MALL NIPAH, dan KANTOR GUBERNUR SULSEL

sistem cluster keamanan 24 jam dan BEBAS BANJIR

TERSEDIA PULA TYPE LAIN

STOK TERBATAS"
12,6/2/2021,https://www.rumah123.com/properti/makassar/hos8379456/,850,Makassar,126,120,4,2,0,0,0,0,2200,SHM,"Rumah siap huni, alauddin, malengkeri, full bangunan","Rumah Dijual Makassar L. Tanah. : 8 x 16 meter
Full bangunan
K.tidur. : 4 kamar
K. Mandi. : 2
Listrik. : token 2,200
Air. : bor
PBB ( Foto )
Shm
Fasilitas : Dapur/Tmpat Jemuran/Depan halaman/Dll"
13,6/2/2021,https://www.rumah123.com/properti/makassar/hos8376982/,5500,Makassar,216,385,4,6,0,0,0,0,5500,SHM,Rumah Asri,"Rumah Dijual Makassar Dekat SMAN Satu
Pusat Kota Makassar
Dekat RS. Pelamonia
Dekat Mall Karlink"
14,5/31/2021,https://www.rumah123.com/properti/makassar/hos8370243/,650,Makassar,180,75,3,1,0,0,2,0,1300,SHM,Rumah Siap Huni,Rumah Dijual Makassar
15,5/31/2021,https://www.rumah123.com/properti/makassar/hos8370211/,25000,Makassar,866,500,0,4,0,0,0,0,33000,SHM,Rumah Usaha siap pakai,Rumah Dijualsewa Makassar Harga sdh termasuk perabot dan perlengkapan ex cafe
16,5/31/2021,https://www.rumah123.com/properti/makassar/hos8370069/,2200,Makassar,87,145,4,3,0,0,0,0,5500,SHM,Rumah 2 lantai Dalam kompleks Tenang & Aman,"Rumah Dijual Makassar Bonus : Meja Makan, Sofa & tempat tidur, mesin cuci, kompor tanam, exhaust Modena"
17,5/30/2021,https://www.rumah123.com/properti/makassar/hos8367260/,700,Makassar,60,80,3,2,0,0,0,0,0,SHM,"Padi Residence Jl Yusuf Bauty Gowa Luas tanah 60 Luas bangunan 5x8x2 lantai 3kt 2km Type 80 Free perabot , Ac 2 Water heater Kitchen set","Padi Residence
Jl Yusuf Bauty Gowa
Luas tanah 60
Luas bangunan 5x8x2 lantai
3kt 2km Type 80
Free perabot , Ac 2
Water heater
Kitchen set
Rp. 700 JT

Website :
1) http://www.olx.co.id/profile/100821032

2) https://www.99.co/id/anwarrukotamalate

3) http://rumahpropertymakassar.agent.co.id/

Youtube Channel;
https://www.youtube.com/channel/UC8b0dD7TLPdJt5kK2B9QR8g

Website Khusus RUMAH :
http://anwar-tamalate.agenproperti.com/
http://imbpropertyplus.agenproperti.com

Website Khusus RUKO ;
http://ahmadanwar.agenproperti.com/

Website Khusus TANAH ;
http://afproperty.agenproperti.com/

WhatsApp
082346403376

Instagram :
Rumah_property_makassar

FANS PAGE :
Rumah Property Makassar

FaceBook ;
Rumah Property Makassar
Rumah Property Makassar II

Rumah Property Makassar
Ahmad Faruq
082346403376"
18,5/29/2021,https://www.rumah123.com/properti/makassar/hos8364677/,13000,Makassar,500,650,5,5,0,0,0,0,4400,SHM,Rumah Mewah TM 2 lantai,"Rumah Dijual Makassar Dekat Jl. Pettarani
Dekat Jl. Boulevard
Dekat RSIA PARAMOUNT
Dekat RS Awal Bros
Dekat SMK Telkom"
19,5/28/2021,https://www.rumah123.com/properti/makassar/hos8359830/,10000,Makassar,300,256,1,2,0,0,0,0,3500,SHM,KAWASAN KULINER TERMEWAH DI JANTUNG KOTA MAKASSAR,"*Segera dipasarkan !*
Sunset Quay Phase 2
Seaside Food District konseptual pertama dan termewah di Makassar.
- Bangunan 2 lantai (split level)
- Kawasan kuliner pertama di Makassar dengan View Sunset terindah Losari.
- Memiliki konsep semi outdoor (8.5m) berhadapan langsung dengan kanal selebar 50 meter.
- Memiliki promenade yang lebar.
- Parkiran sangat luas
- total lahan untuk parkiran & promenade seluas 8500m2
- ROW jalan 40 meter
- Selangkah dari Delft Apartment dan Universitas Ciputra
- Akan menjadi kawasaan kuliner terpopuler dalam kawasan termegah.
- Dilengkapi dengan sculpture-sulpture megah dan iconic yang akan menjadi daya tarik kawasan ini.

_terdapat 4 tipe unit :_
8 x 32 (4unit)
10 x 32 (6 unit)
12 x 32 (4 unit)
20 x 32 *(hanya 1 unit!)*

Serah terima 18 bulan

*Jangan sampai kelewatan.*
_Unit sangat terbatas_
Jadilah bagian dari kawasan kuliner termewah, *Sunset Quay*

*Info Lebih lanjut*
Hubungi : 085298297272"
20,5/27/2021,https://www.rumah123.com/properti/makassar/hos8356680/,1000,Makassar,120,100,2,2,1,0,1,0,2200,SHM,Rumah Elegan Cluster Puri Tata Indah,"Rumah Dijual Makassar - LB/LT 100/120 (8x15)
- Listrik 2200 Watt
- PDAM
- Sertifikat SHM
- 2 Kamar Tidur dengan ukuran 3x4 m2 dan 3x3 m2
- 1 Kamar pembantu/gudang 2?2,5 m2
- 2 Kamar mandi
- Kitchen set custom dan wardrobe set custom
- 1 lemari pakaian custom
- AC 2 unit (1 PK)
- Carport 1 mobil
- Jendela full teralis dan pintu kasa nyamuk
- Lingkungan aman security 24 jam
- Perumahan Cluster ditengah kota Makassar (Jl. Dg Tata Raya dekat dengan pasar Hartako, kampus Universitas Indonesia Timur/UIT ) dilengkapi fasilitas mesjid dan lapangan tenis.
- Dekat Polsek Tammalate
- 15 menit ke Mall Ratu Indah, Mall Pipo, Mall TSM"
21,5/27/2021,https://www.rumah123.com/properti/makassar/hos8356083/,3644,Makassar,252,267,4,3,1,1,0,0,4400,HGB,"citraland, tallasa city, cltc, rumah mewah, 2 lantai, alexandrite, yellow leaf","Rumah Dijual Makassar Citraland Tallasa City
Cluster Yellow Leaf type Alexandrite"
22,5/27/2021,https://www.rumah123.com/properti/makassar/hos8356001/,3500,Makassar,208,344,4,2,1,1,0,0,3500,SHM,Rumah Modern AM,"Rumah Dijual Makassar Ruang kantor
Ruang tamu
Ruang Keluarga
Fasilitas perumahan :
- Security 24 Jam
- Kolam renang
- one gate system
Dekat Sekolah Al Azhar
Dekat Toko Satu Sama
Pusat kuliner : KFC, Mc.D, Burger King, Pizza Hut"
23,5/27/2021,https://www.rumah123.com/properti/makassar/hos8355035/,550,Makassar,201,150,6,6,0,0,0,0,2200,SHM,Rumah malino,Rumah Dijual Makassar
24,5/25/2021,https://www.rumah123.com/properti/makassar/hos8348403/,9000,Makassar,500,475,6,4,0,0,0,0,2200,SHM,Rumah tua + tanah,"Rumah Dijual Makassar Lokasi sangat strategis dalam kota
Hanya berjarak 100m dr poros ap pettarani
Lokasi berada di area perkantoran dan perumahan
Sangat cocok untuk usaha
"
25,5/25/2021,https://www.rumah123.com/properti/makassar/hos8348381/,300,Makassar,98,98,3,2,0,0,0,0,1300,SHM,Rumah Tua,Rumah Dijual Makassar
26,5/25/2021,https://www.rumah123.com/properti/makassar/hos8348358/,650,Makassar,200,300,4,3,4,0,0,0,900,"Lainnya (PPJB,Girik,Adat,dll)",Rumah huni + kontrakan ( 2 rumah digabung),"Rumah Dijual Makassar Rumah huni + kontrakan
Rumah ada 8 kamar (2 LT 1 + 2 lt 2 + 4 kos)
POROS sma neg 9
"
27,5/25/2021,https://www.rumah123.com/properti/makassar/hos8348314/,600,Makassar,270,80,2,1,0,0,0,0,900,SHM,Rumah tua tanah luas belakang lapangan hertasning,Rumah Dijual Makassar
28,5/25/2021,https://www.rumah123.com/properti/makassar/hos8348309/,600,Makassar,120,200,4,2,0,0,0,0,1300,SHM,Rumah tua lokasi bagus,Rumah Dijual Makassar
29,5/25/2021,https://www.rumah123.com/properti/makassar/hos8348302/,1200,Makassar,105,70,2,2,0,0,0,0,3500,SHM,Rumah siap huni Tanjung bunga,Rumah Dijual Makassar
30,5/25/2021,https://www.rumah123.com/properti/makassar/hos8348236/,930,Makassar,104,208,3,2,0,0,0,0,1300,SHM,Rumah 2lt terawat dan siap huni,Rumah Dijual Makassar
31,5/25/2021,https://www.rumah123.com/properti/makassar/hos8348232/,550,Makassar,154,110,2,1,0,0,0,1,1300,SHM,Rumah sudut siap huni (bebas bajir),"Rumah Dijual Makassar Rumah posisi sudut
Ada 2 mesin air (out door dan celup)
Ada tandon air 600 liter
Garasi bisa masuk 3 mobil"
32,5/25/2021,https://www.rumah123.com/properti/makassar/hos8348200/,375,Makassar,91,91,2,1,0,0,0,0,1300,SHM,Rumah siap huni sudiang,Rumah Dijual Makassar
33,25 mei 2021,https://www.rumah123.com/properti/makassar/hos8348160/,1000,Makassar,120,100,2,2,1,0,1,0,2200,SHM,Rumah Elegan Cluster Puri Tata Indah,Rumah Dijual Makassar
34,25 mei 2021,https://www.rumah123.com/properti/makassar/hos8348148/,3000,Makassar,135,405,20,20,0,0,0,0,9500,SHM,Kos kosan 20 kamar,Rumah Dijual Makassar
35,25 mei 2021,https://www.rumah123.com/properti/makassar/hos8348140/,1555,Makassar,135,270,5,2,0,0,0,0,2200,SHM,Rumah siap huni NTI,Rumah Dijual Makassar
36,25 mei 2021,https://www.rumah123.com/properti/makassar/hos8348116/,775,Makassar,155,100,4,3,0,0,0,0,2200,SHM,Rumah siap huni/usaha,Rumah Dijual Makassar
37,25 mei 2021,https://www.rumah123.com/properti/makassar/hos8348088/,800,Makassar,96,210,3,2,0,0,0,0,1300,SHM,Rumah siap huni 3lt,Rumah Dijual Makassar
38,25 mei 2021,https://www.rumah123.com/properti/makassar/hos8348070/,550,Makassar,112,220,4,2,0,0,0,0,1300,SHM,Rumah siap huni,Rumah Dijual Makassar
39,25 mei 2021,https://www.rumah123.com/properti/makassar/hos8348023/,650,Makassar,120,38,2,1,0,0,0,0,1300,SHM,Rumah Asri Magnolia,Rumah Dijual Makassar
40,25 mei 2021,https://www.rumah123.com/properti/makassar/hos8348014/,1800,Makassar,128,256,3,2,1,1,0,0,1300,SHM,Rumah Red Burgandy,Rumah Dijual Makassar
41,25 mei 2021,https://www.rumah123.com/properti/makassar/hos8347970/,690,Makassar,90,48,2,1,0,0,0,0,1300,SHM,Rumah Primrose GRV,Rumah Dijual Makassar
42,25 mei 2021,https://www.rumah123.com/properti/makassar/hos8347968/,4000,Makassar,238,595,5,5,0,0,3,0,5500,SHM,Rumah Mewah Komp. Graha Modern Jaya,Rumah Dijual Makassar
43,5/24/2021,https://www.rumah123.com/properti/makassar/hos8346064/,330,Makassar,86,40,2,1,0,0,0,0,1300,SHM,Rumah Minimalis siap huni poros Barombong kota Makassar,Rumah Dijual Makassar
44,5/24/2021,https://www.rumah123.com/properti/makassar/hos8345702/,500,Makassar,72,42,3,1,0,0,0,0,0,HGB,Rmh Citra Garden Blok D6 Type 42/72 6X12 Full Renovasi 3 Kamar Tidur 1 Kamar Mandi Dapur Teras + kanopi,Rumah Dijual Makassar
45,5/24/2021,https://www.rumah123.com/properti/makassar/hos8338391/,4000,Makassar,238,595,5,5,0,0,3,0,5500,SHM,Rumah Mewah Komp. Graha Modern Jaya,Rumah Dijual Makassar
46,5/24/2021,https://www.rumah123.com/properti/makassar/hos8338328/,3800,Makassar,208,300,5,4,1,1,0,1,2200,SHM,Rumah 3 Lantai dekat Trans Mall,Rumah Dijual Makassar
47,5/24/2021,https://www.rumah123.com/properti/makassar/hos8338266/,1800,Makassar,128,256,3,2,1,1,0,0,1300,SHM,Rumah Red Burgandy,Rumah Dijual Makassar
48,5/24/2021,https://www.rumah123.com/properti/makassar/hos8338042/,650,Makassar,120,38,2,1,0,0,0,0,1300,SHM,Rumah Asri Magnolia,Rumah Dijual Makassar
49,5/24/2021,https://www.rumah123.com/properti/makassar/hos8337842/,4500,Makassar,240,348,4,4,1,1,0,0,2200,SHM,"mewah, siap huni, minimalis, hertasning, marron vogue",Rumah Dijual Makassar
50,5/24/2021,https://www.rumah123.com/properti/makassar/hos8337758/,1500,Makassar,144,110,3,2,0,0,0,0,2200,SHM,Rumah 3 kmr Rosewood,Rumah Dijual Makassar
51,5/24/2021,https://www.rumah123.com/properti/makassar/hos8337713/,2400,Makassar,128,250,5,4,0,0,0,0,2200,SHM,Rumah Kompleks Green Mansion,Rumah Dijual Makassar
52,5/24/2021,https://www.rumah123.com/properti/makassar/hos8337542/,2300,Makassar,234,360,5,4,0,0,0,0,3500,SHM,Rumah H6 Dengan Perabot,Rumah Dijual Makassar
53,5/24/2021,https://www.rumah123.com/properti/makassar/hos8337513/,1290,Makassar,126,105,3,1,0,0,0,0,1300,SHM,Rumah Blossom,Rumah Dijual Makassar
54,5/24/2021,https://www.rumah123.com/properti/makassar/hos8337400/,3750,Makassar,91,221,3,3,1,1,2,0,2200,SHM,Rumah Mewah Lokasi Premium Poros Pettarani,Rumah Dijual Makassar
55,5/23/2021,https://www.rumah123.com/properti/makassar/hos8336943/,850,Makassar,95,80,3,2,0,0,2,0,2200,SHM,Rumah mewah minimalis TYPE 80 Hertasning baru kota Makassar,Rumah Dijual Makassar
56,5/23/2021,https://www.rumah123.com/properti/makassar/hos8335360/,720,Makassar,112,100,3,3,0,0,1,0,0,SHM,Rumah Minimalis,Rumah Dijual Makassar
57,5/22/2021,https://www.rumah123.com/properti/makassar/hos8075806/,1150,Makassar,87,87,4,3,0,0,0,0,2200,SHM,rumah cantik lokasi strategis,Rumah Dijual Makassar
58,5/22/2021,https://www.rumah123.com/properti/makassar/hos8334873/,427,Makassar,73,45,2,1,0,0,2,0,2200,SHM,Rumah minimalis type 45 di tengah kota gubernur kota Makassar,Rumah Dijual Makassar
59,5/22/2021,https://www.rumah123.com/properti/makassar/hos8334625/,3830,Makassar,200,204,4,4,0,0,3,0,1300,SHM,SIAP HUNI RUMAH MEWAH ADA KOLAM RENANGNYA,Rumah Dijual Makassar
60,5/22/2021,https://www.rumah123.com/properti/makassar/hos8333756/,1100,Makassar,105,200,3,3,0,0,1,0,2200,SHM,Rumah Minimalis,Rumah Dijual Makassar
61,5/22/2021,https://www.rumah123.com/properti/makassar/hos8333641/,420,Makassar,150,130,3,2,1,0,1,0,2200,SHM,rumah strategis,Rumah Dijual Makassar
62,5/22/2021,https://www.rumah123.com/properti/makassar/hos8332212/,335,Makassar,60,38,2,1,0,0,0,0,2200,SHM,Rumah Asri dan Nyaman di daerah Sudiang kota Makassar,Rumah Dijual Makassar
63,5/21/2021,https://www.rumah123.com/properti/makassar/hos8327026/,2200,Makassar,144,119,3,2,1,1,0,0,2200,SHM,Rumah Asri Siap Huni,Rumah Dijual Makassar
64,5/21/2021,https://www.rumah123.com/properti/makassar/hos8326951/,3400,Makassar,119,145,4,3,1,1,0,0,1300,SHM,Rumah Treasure Island Timur CPI,Rumah Dijual Makassar
65,5/21/2021,https://www.rumah123.com/properti/makassar/hos8326891/,2500,Makassar,207,414,6,3,0,0,0,0,3500,SHM,Rumah Langgau,Rumah Dijual Makassar
66,5/21/2021,https://www.rumah123.com/properti/makassar/hos8326873/,1500,Makassar,144,256,3,2,0,0,0,0,2200,SHM,Rumah Royal Spring,Rumah Dijual Makassar
67,5/21/2021,https://www.rumah123.com/properti/makassar/hos8326659/,2400,Makassar,429,320,11,5,0,0,0,0,3500,SHM,Rumah Cokonuri,Rumah Dijual Makassar
68,5/20/2021,https://www.rumah123.com/properti/makassar/hos8324711/,625,Makassar,84,82,3,2,0,0,2,0,2200,SHM,Rumah mewah minimalis TYPE 82 500 dari jalan poros makassar,Rumah Dijual Makassar
69,5/20/2021,https://www.rumah123.com/properti/makassar/hos8323983/,1500,Makassar,222,350,7,4,0,0,0,0,3300,SHM,Rumah siap huni Tamalanrea,Rumah Dijual Makassar
70,5/20/2021,https://www.rumah123.com/properti/makassar/hos8323701/,435,Makassar,84,50,2,1,0,0,1,0,1300,SHM,RUMAH DESAIN MINIMALIS MODERN MEWAH LOKASI BTP HARGA MURAH,Rumah Dijual Makassar
71,5/20/2021,https://www.rumah123.com/properti/makassar/hos8312455/,7000,Makassar,600,500,10,6,0,0,0,0,2200,SHM,Rumah tinggal cocok untuk mess atau usaha kost kosan,Rumah Dijual Makassar
72,5/20/2021,https://www.rumah123.com/properti/makassar/hos7902400/,3000,Makassar,126,107,3,3,1,1,2,0,2200,SHM,rumah mewah,Rumah Dijual Makassar
73,5/20/2021,https://www.rumah123.com/properti/makassar/hos8239553/,3000,Makassar,128,145,3,3,1,1,2,0,3300,SHM,Rumah mewah tengah kota,Rumah Dijual Makassar
74,5/19/2021,https://www.rumah123.com/properti/makassar/hos7743953/,5000,Makassar,133,399,3,4,0,0,0,0,6600,SHM,Rumah Modern Premium DD,Rumah Dijual Makassar
75,5/19/2021,https://www.rumah123.com/properti/makassar/hos8182655/,2200,Makassar,120,122,3,3,0,0,0,0,2200,HGB,Rumah siap huni Citraland Tallasa City,Rumah Dijual Makassar
76,5/4/2021,https://www.rumah123.com/properti/makassar/hos8260297/,600,Makassar,72,42,2,1,0,0,1,0,1300,SHM,Rumah minimalis tanjung bunga taman toraja,Rumah Dijual Makassar
77,5/3/2021,https://www.rumah123.com/properti/makassar/hos8257596/,700,Makassar,119,60,2,1,0,0,0,0,2200,SHM,"rumah minimalis, Magnolia, Tanjung bunga","Rumah Dijualsewa Makassar ukuran 7x18
rumah baru ,aman, dan terawat
disewakan dengan fasilitas
*pompa air
*tandon air
*gorden jendela
*taman belakang dibersihkan"
78,5/3/2021,https://www.rumah123.com/properti/makassar/hos8256383/,650,Makassar,187,187,1,1,0,0,0,0,900,SHM,Rumah siap huni samping polda,Rumah Dijual Makassar
79,5/3/2021,https://www.rumah123.com/properti/makassar/hos8256370/,600,Makassar,180,300,4,2,0,0,0,0,1300,SHM,Rumah tua lokasi bagus,Rumah Dijual Makassar
80,5/2/2021,https://www.rumah123.com/properti/makassar/hos8253652/,650,Makassar,95,65,2,1,0,0,1,0,1300,SHM,Rumah minimalis siap huni di tengah kota dekat dari kampus Unismuh Makassar,"Rumah Siap Huni Dalam Kota & Bebas Banjir

Miliki segera Hunian Cluster Modern lokasi Strategis dekat dari hertasning. saat ini dalam pengembangan tahap 3. Progres 90%. dikembangkan oleh Developer terpercaya dikota makassar/Gowa. Unit terbatas !!!

- 5 menit dari kampus UNM/Unismuh
- 5 menit dari alauddin
- 7 menit dari pettarani
- Dekat dari sarana pendidikan
- Dekat dari pasar tradisional dan Swalayan
- Aman & Nyaman
-One Gate System
-Row jalan 7/8 Meter

Info lengkap hub
Ardi Gold property99
TLP/wa no profil"
81,4/30/2021,https://www.rumah123.com/properti/makassar/hos8247865/,650,Makassar,200,300,4,3,4,0,0,0,900,none,Rumah huni + kontrakan ( 2 rumah digabung),"Rumah Dijual Makassar Rumah huni + kontrakan
Rumah ada 8 kamar (2 LT 1 + 2 lt 2 + 4 kos)
POROS sma neg 9"
82,4/29/2021,https://www.rumah123.com/properti/makassar/hos8240665/,380,Makassar,121,119,3,1,0,0,1,1,1300,SHM,Rumah Murah lokasi Sungguminasa Gowa,Rumah Dijual Makassar Garasi muat 2 mobil
83,4/29/2021,https://www.rumah123.com/properti/makassar/hos8240218/,427,Makassar,72,45,2,1,0,0,1,0,1300,SHM,Rumah murah minimalis di tengah kota Urip Sumoharjo Panakukkang kota Makassar,"Rumah Baru Tengah Kota Makassar

Terletak dilokasi yang paling banyak di incar dalam kota makasaar, bagaimana tidak, hunian ini hanya
#200 meter dari Mall Nipa dan Kantor Gubernur Sul-sel, dan kapan lagi Anda bisa mendapatkan hunian tengah kota

Tersedia TYPE
Type 45/ 78 1 lantai
Type 70/84 2 lantai

tidak perlu ragu, hunian ini dekmbangkan oleh developer terpercaya dan telah banyak membangun perumhan dalam kota. buruan kunjungi lokasi kami sebelum kehabisan. unit terbatas!!!

#Inden 8 Bulan

Kebijakan Developer :
-Free AJB, PPH & Balik Nama
-Belum termaksud biaya perubahan yang dikeluarkan pemerintah
-Belum termaksud biaya AKAD KREDIT.

Info lengkap hub
ARDi Gold99 property
Bisa TLP/wa no profil"
84,4/28/2021,https://www.rumah123.com/properti/makassar/hos8235739/,673,Makassar,72,45,2,1,0,0,1,0,1300,SHM,"rumah mewah, dg.tata, kumala,","Rumah Dijual Makassar Kumala Residence
dg. Tata 1
rumah tinggal mewah sistem cluster
uk bangunan 45m2

promo Free AC & parsel Ramadhan"
85,4/27/2021,https://www.rumah123.com/properti/makassar/hos8230262/,300,Makassar,98,98,3,2,0,0,0,0,1300,SHM,Rumah Tua,Rumah Dijual Makassar
86,4/27/2021,https://www.rumah123.com/properti/makassar/hos8230233/,2700,Makassar,300,600,9,10,0,0,0,0,3500,SHM,Rumah tinggal lokasi premium,Rumah Dijual Makassar
87,4/27/2021,https://www.rumah123.com/properti/makassar/hos8229752/,1675,Makassar,105,184,4,3,0,0,1,0,4400,SHM,"Citraland hertasning, siap huni,mewah,terawat, minimalis","Rumah Dijual Makassar CITRALAND HERTASNING
Maroon Vogue
LT : 7x15
LB : 7x10.5
2 Lt 1/2
Kamar Tidur : 4
Kamar Mandi : 3

Fasilitas Lengkap
Ac Panasonic 2pk : 1 bh
Ac panasonic 1pk : 2bh
Kamar Mandi Full Toto
Air panas Wika Semua kamar ada dan cuci piring dilengkapi air panas.
Tandon Air Lt 3 & Lt1 Filter AirBersih, PLN 4.400 B3(Hemat).
Lampur LED Downlight, Drop Celing Dilengkapi Lampu, dan
Lampu Hias Import 3 Warna Diruang Tamu.
Dapur Lengkap Kitchen Set Alumunium & Kaca.
Granit 60x60 dobolloading & Flan Dinding.
Relling Tangga Stenlis Lt 1 sampai ke Lt 3.
Kanopi Parkiran Bisa 2 Mobil
Full CCTV, Lampu Sorot, & Alarm Maling"
88,4/26/2021,https://www.rumah123.com/properti/makassar/hos8227621/,641,Makassar,96,38,2,1,0,0,1,0,1300,SHM,RUMAH SIAP HUNI DI TALLASA CITY DEKAT UNHAS,"Cluster Alamanda
Lokasi Tamalanrea - Makassar (Tallasa City, Depan BTP)

Akses Mudah:
""Jl Tol Ir. Sutami / Jl Perintis Kemerdekaan / Jl Kapasa""

Merupakan hunian cluster kedua di Tallasa City Makassar yang berada dalam kawasan Kota Mandiri. Hunian elegan yang memiliki konsep ruang terbuka hijau ini, dilengkapi fasilitas CCTV 24 jam, Taman Bermain Anak, Outdoor Gym, Jogging Track, Family Club."
89,4/26/2021,https://www.rumah123.com/properti/makassar/hos8227254/,740,Makassar,90,70,3,2,0,0,1,0,2200,SHM,RUMAH CANTIK 2 LANTAI DI BTP,"ROYAL SENTRALAND BTP
Hunian nyaman di Cluster Boulevard Perumahan Royal Sentraland BTP Makassar dengan dilengkapi berbagai fasilitas penunjang.

FASILITAS :
Royal Water Themepark,
Victoria Park,
Piccadilly Shophouses.
Keamanan Security 1x24 Jam

UNIT READY :
Type 70/90 LT : (6x15)
3 Kamar Tidur dan 2 Kamar Mandi

Stok Terbatas"
90,4/26/2021,https://www.rumah123.com/properti/makassar/hos8226766/,1100,Makassar,87,95,4,3,0,0,1,0,2200,SHM,RUMAH CANTIK DI SUMMARECON MUTIARA,"Cluster Beryl ""Summarecon Mutiara Makassar
Lokasi Exit Tol Ir Sutami - Jln Mutiara Boulevard Kota Makassar

Hunian mewah 2 lantai berlokasi dikawasan Kota Mandiri Summarecon Mutiara Makassar dengan berbagai fasilitas terlengkap sehingga memberikan kenyamanan dan keamanan untuk penghuninya.

>> Rumah 2 Lt Tipe B7 Standard 95/87 ( 7x12,5 )
4 kamar tidur - 3 kamar mandi
Harga Cash Keras : Rp. 1.155.000.000

Harga Sudah Termasuk:
AJB & Balik Nama HGB/BPHTB/IMB/PPN

Cara Bayar :
*Cash Keras 1x Bayar
*Cash Bertahap/Lunak 18 Bulan

Unit Terbatas !!
Hubungi Marketing Sekarang Juga"
91,4/26/2021,https://www.rumah123.com/properti/makassar/hos8226561/,560,Makassar,90,60,3,1,0,0,1,0,1300,SHM,RUMAH CANTIK DI PERINTIS,"Rumah Mewah di Jalan Perintis Kemerdekaan KM.18, Kota Makassar

GEMILANG HARVEST RESIDENCE
Hunian Mewah Desain Modern yang menarik dan berlokasi di pinggir jalan poros perintis kemerdekaan menjadi keunggulan dari Perumahan ini.

Lokasi Strategis :
>> Hanya 100 meter dari Jalan Poros Perintis
>> Dekat Indogrosir Perintis
>> Hanya 5 menit ke Bandara Sultan Hasanuddin
>> Dekat dari Jalan Tol Ir. Sutami
>> Dekat dari Kantor Polda Sulsel
>> Dekat dari Hotel Harper Perintis Bintang 4
>> Dekat dari Kantor Kementerian Kehutanan

Fasilitas Perumahan :
One Gate Security Sistem (1x24 jam)
Jogging Track
Out Door Gym
Children Playground
Luas Jalan Lebar

Segera Hubungi Marketing, Karena Unit / Stok Terbatas.
Marketing Agent Property"
92,4/26/2021,https://www.rumah123.com/properti/makassar/hos8225086/,1015,Makassar,87,71,3,2,0,0,1,0,1300,SHM,Ready Rumah Cantik 2 Lantai Summarecon Makassar,"*Rumah 2 Lantai Cluster Beryl Summarecon Mutiara Makassar*

Unit Redy Sisa 2 Unit
-* Type Beryl 7
Ukuran 7x12.5

Harga 1 M-an

Dimana Tiap Cluster Di Lengkapi Dengan:
Jaringan Internet Cepat Fiber to the Home
Akses Tol Langsung Ir Sutami
Club house yang dilengkapi dengan Multi Function Hall, Swimming Pool dan Children Playground
Utilitas Bawah Tanah
Town Managament Professional, CCTV dan Security 24 Jam"
93,4/24/2021,https://www.rumah123.com/properti/makassar/hos8219860/,950,Makassar,105,80,3,2,0,0,1,0,2200,SHM,SIAP HUNI 2 LANTAI DEKAT KAMPUS UKIP DAYA,"Gemilang Park Residence
Lokasi: Perintis Kemerdekaan, Jalan Biring Romang ( dekat Kantor Imigrasi dan Kampus Ukip)

Sangat Strategis:
Dekat Kampus UKIP Makassar
Dekat Kantor Imigrasi Perintis
Dekat Toko SUMERU
Dekat Kampus UNHAS & RS Wahidin
Dekat Restoran Mc Donald Perintis
Dekat Pasar Daya & Terminal Reg. Daya
Dekat TransMart Daya

HANYA 1 UNIT

Hunian Mewah 2 Lantai :
>> Tipe 80 / 105 ( 7x15 )
3 Kamar Tidur - 2 Kamar Mandi

Harga CASH KERAS :
Rp. 950.000.000

Hubungi segera marketing kami."
94,4/24/2021,https://www.rumah123.com/properti/makassar/hos8219820/,708,Makassar,96,49,3,1,0,0,1,0,1300,SHM,RUMAH MINIMALIS DI TALLASA CITY,"Cluster Alamanda
Lokasi Tamalanrea - Makassar (Tallasa City, Depan BTP)

Akses Mudah:
""Jl Tol Ir. Sutami / Jl Perintis Kemerdekaan / Jl Kapasa""

Merupakan hunian cluster kedua di Tallasa City Makassar yang berada dalam kawasan Kota Mandiri. Hunian elegan yang memiliki konsep ruang terbuka hijau ini, dilengkapi fasilitas CCTV 24 jam, Taman Bermain Anak, Outdoor Gym, Jogging Track, Family Club.

Hubungi sekarang juga"
95,4/24/2021,https://www.rumah123.com/properti/makassar/hos8219778/,947,Makassar,120,65,4,2,0,0,1,0,2200,SHM,RUMAH DI CLUSTER ALAMANDA TALLASA CITY,"Cluster Alamanda
Lokasi Tamalanrea - Makassar (Tallasa City, Depan BTP)

Akses Mudah:
""Jl Tol Ir. Sutami / Jl Perintis Kemerdekaan / Jl Kapasa""

Merupakan hunian cluster kedua di Tallasa City Makassar yang berada dalam kawasan Kota Mandiri. Hunian elegan yang memiliki konsep ruang terbuka hijau ini, dilengkapi fasilitas CCTV 24 jam, Taman Bermain Anak, Outdoor Gym, Jogging Track, Family Club.

Hubungi sekarang juga."
96,4/22/2021,https://www.rumah123.com/properti/makassar/hos8210847/,3800,Makassar,188,165,5,6,0,0,1,0,3300,SHM,Rumah Mewah Eksklusif Pusat Kota,"Cluster Puri Mutiara Berlokasi di Jalan Mongisidi Baru Veteran Selatan, Pusat Kota Makassar. Rumah 2 Lantai Posisi Sudut Tipe Grand Sudut Ukuran 11.75x16 Meter 5 Kamar Tidur 6 Kamar Mandi Harga Rp. 3.873.000.000 Posisi Sudut Jadi, tunggu apa lagi. segera hubungi marketing."
97,4/22/2021,https://www.rumah123.com/properti/makassar/hos8207762/,595,Makassar,77,80,4,2,0,0,2,0,1300,SHM,Rumah Murah 2 lantai Dekat Pasar Daya,"Rumah Dijual Makassar Lokasi Strategis dekat Pasar Daya dan Jl. perintis kemerdekaan
dekat kampus
dekat Terminal Daya
dekat Jalan Tol
Dekat Rumah sakit daya dan Wahidin
UNIT TERBATAS!!!"
98,4/20/2021,https://www.rumah123.com/properti/makassar/hos8197535/,1950,Makassar,90,212,3,3,0,0,0,0,2200,SHM,rumah Tengah Kota kompeks IDI,"Rumah Dijual Makassar Dekat Pettarani
Dekat Sekolah Madaniah
Dekat Sekolah Al Ashar
Kompleks IDI"
99,4/20/2021,https://www.rumah123.com/properti/makassar/hos8197481/,950,Makassar,142,70,3,1,0,0,1,0,2200,SHM,Rumah full bangunan tanjung bunga,Rumah Dijual Makassar
100,4/19/2021,https://www.rumah123.com/properti/makassar/hos8192398/,12200,Makassar,120,120,3,3,0,0,1,0,2200,SHM,Perumahan Telkomas,"Rumah Dijual Makassar Perumahan Telkomas, Full Furnish"
101,18/042021,https://www.rumah123.com/properti/makassar/hos8191038/,356,Makassar,50,31,2,1,0,0,1,0,1300,HGB,Rumah Murah Royal Sentraland BTP,"ROYAL Sentraland menghadirkan Cluster Baru EVERTON

Ada 3 pilihan tipe rumah dengan harga sangat terjangkau mulai *300 Jtan*.

Berada di lokasi yang sangat strategis,dengan Akses Jl.perintis kemerdekaan,dekat dari Bandara sultan hasanuddin dan Jl.Tol Sutami

dikelilingi berbagai fasilitas pendukung terbaik seperti Pasar sentral BTP,Kampus Politeknik Ujungpandang,Rumah sakit Wahidin dan berbagai Restaurant,cafe & Coffee shop

*ROYAL Sentraland @BTP* juga didukung fasilitas _Water themepark,Victori park & Comunity Centre_

Cluster EVERTON merupakan pilihan yang tepat untuk ANDA dan keluarga

#Royalsentraland@btp

*Ini Dia! Rumah Murah Harga Rp.300 Jutaan di Makassar yang ada WATER THEMEPARK (Water Boom)*


jual rumah makassar harga murah btp

jalan poros moncongloe, dekat makassar, moncongloe, kabupaten maros, dekat jl poros btp raya, dekat jalan tamalanrea raya, dekat jalan perintis kemerdekaan, jln pammanjengan, jl. paccerakkang, jln nusa harapan permai"
102,18/042021,https://www.rumah123.com/properti/makassar/hos8190695/,12000,Makassar,120,119,4,4,0,0,1,1,5500,SHM,Rumah mewah lokasi pusat kota makassar,"*3,3M* apa bisa dapat Rumah dua lantai di *Pusat kota* yang ada fasilitas super mewah nya? Telah Hadir sebuah Kompleks Hunian mewah bernama *TREASURE ISLAND* persembahan dari *CITRALAND CITY LOSARI MAKASSAR* Sebuah hunian baru yang memiliki kelebihan : satu Lokasi dengan *Masjid 99 kubah* Lokasi berada dekat *Karebosi Baru* *Ciputra World Mall* *Universitas*, *business District* , *Food district*, etc. Dilengkapi dengan Fasilitas : *Club House* *Taman* yang luas Wilayah terbaik untuk menikmati Sunrise dan sunset di *Pasir putih* dengan *view laut lepas* Jalan yang lebar hingga *40M* Jaminan investasi kenaikan harga hingga *18%* tiap *Tahunnya* Dapatkan rumah 2 lantai *HARGA* mulai *3,3M* an dengan pilihan type : Type *DIAMOND* : 12 x 20 Type *EMERALD* : 10 X 20 Type *RUBY* : 8 X 18 Type *SHAPPIRE* : 7 X 17 Type *ALEXANDRITE* : 7 X 17 Type *JADE* : 6 X 17 Cara bayar : *Cash Keras* *INHOUSE* 24x Tanpa bunga *KPR Express* DP 20% Cicil 3x* *KPR DP 20%"
103,18/042021,https://www.rumah123.com/properti/makassar/hos8189751/,444,Makassar,72,37,2,1,0,0,1,0,1300,none,rumah murah Makassar BTP Royal Sentraland,"rumah murah Makassar BTP Royal Sentraland

LT. 6x12 dan 6x10
2 kamar tidur + 1 kamar mandi
PLN 1300w
Air WTP

Fasilitas :
- Taman bermain cluster
- Waterpark
- Masjid
- Area komersial
- Security 24 jam"
104,4/17/2021,https://www.rumah123.com/properti/makassar/hos8186702/,645,Makassar,96,65,3,2,0,0,1,0,1300,SHM,Rumah Baru 3 Kamar Tidur Daerah Sudiang Kota Makassar,"Berada di dalam perumahan Megah Nusa Madani dengan sistem cluster dan keamanan 24 jam.

Rumah yang satu ini langsung di jalan utama perumahan dengan row jalan 12 meter.

Lokasi dijamin seratus persen bebas banjir."
105,4/17/2021,https://www.rumah123.com/properti/makassar/hos7258657/,6500,Makassar,300,285,2,2,1,1,1,0,6600,SHM,RUMAH SIAP HUNI &#34;The Mansion&#34;,"Rumah Siap huni berlokasi di Jl.Metro Tanjung Bunga Makassar Tepatnya di "" The mansion"" Rumah Yang harga pricelist dari developer sekarang 6,5 dan indent 24 Bulan, karna kondisi COVID si pemilik keadaan terpaksa menjual dengan harga yg tertera."
106,4/16/2021,https://www.rumah123.com/properti/makassar/hos8181442/,870,Makassar,120,84,2,1,0,0,1,0,2200,SHM,"rumah asri, tanjung bunga, cluster the clove, 1 lantai","Rumah Dijual Makassar The Clove Residence, Tanjung Bunga"
107,4/16/2021,https://www.rumah123.com/properti/makassar/hos8181111/,435,Makassar,84,50,2,1,0,0,1,10,1300,SHM,"Rumah minimalis,klasik,modern, primary,mewah,BTP","Rumah Dijual Makassar Grand Galaxy BTP
Type 50/84
LT 84
LB 50
dimensi 6x14
2 KT
1 KM
1 Lantai
Harga Cash 435.000.000
Harga KPR 475.000.000
Harga dapat berubah sewaktu-waktu

Harga sudah termasuk:
* Biaya SHM, PPH, IMB, Listrik, Air"
108,4/15/2021,https://www.rumah123.com/properti/makassar/hos8176108/,768,Makassar,96,49,3,2,0,0,1,0,1300,SHM,Rumah Asri dan Nyaman,"Rumah Dijual Makassar 500 meter Ke Bandara Internasional Hasanuddin, 500 meter ke Pelabuhan Soekarno Hatta"
109,4/15/2021,https://www.rumah123.com/properti/makassar/hos8175338/,2000,Makassar,120,240,2,2,1,1,1,0,2200,SHM,Rumah Cantik Dalam Kota,"Rumah Dijual Makassar Perumahan Dalam Kota, Dekat RS Awal Bros, Dekat Pettarani"
110,4/15/2021,https://www.rumah123.com/properti/makassar/hos8174530/,245,Makassar,44,27,2,1,0,0,1,0,1300,SHM,Rumah Murah di Kawasan Perumahan Elit Daerah Sudiang Kota Makassar,"Berada di dalam perumahan Megah Nusa Madani dengan sistem cluster dan keamanan 24 jam.

Lokasi dijamin seratus persen bebas banjir"
111,4/13/2021,https://www.rumah123.com/properti/makassar/hos8167757/,580,Makassar,90,60,3,2,0,0,1,0,1300,SHM,Rumah cantik murah minimalis 3 kamar depan SMA 10 makassar,"Dipasarkan Rumah Murah Siap Huni

Lokasi jln Tamangapa 5 - Antang Makassar
Depan SMA 10 Antang Makassar
1 menit ke SMPN 17 Makassar
3 menit ke Sekolah TK dan SD kassi2 Makassar
Tersedia 2 type
Type 45 hrga 455 juta
Type 60 hrga 580 juta

Promo. !
Bonus Kanopi dan pagar
Bonus mesin air dan tandon air
Gratis Biaya SHM AJB Balik Nama BPHTB PPN
Info Lebih lanjut
Hub Marketing Ardy
Bisa tlp/wa di no profil"
112,4/12/2021,https://www.rumah123.com/properti/makassar/hos8159354/,1200,Makassar,200,167,3,2,0,0,1,0,2200,SHM,Rumah siap huni bumi permata hijau Alauddin,Rumah Dijual Makassar
113,4/12/2021,https://www.rumah123.com/properti/makassar/hos8159167/,600,Makassar,84,160,4,2,0,0,1,0,1300,SHM,Rumah siap huni 2 lantai sudiang,"Rumah Dijual Makassar Jual Cepat, rumah 2 Lantai, SHM, LT 84 / LB 160.

Lokasi : Bumi Permata Sudiang (BPS) Blok F4 No. 34, dekat masjid, dekat jalan poros.

Lantai 1 :
- Ruang tamu
- 1 KT + KM dalam.
- Ruang Makan.
- Dapur.
- Teras.
- Parkiran Mobil.

Lantai 2 :
- 3 Kamar tidur.
- Kamar Mandi.
- Toilet.
- Jemuran + balkon belakang.
- Ada Tandon Air."
114,4/12/2021,https://www.rumah123.com/properti/makassar/hos8159201/,900,Makassar,55,95,3,2,0,0,1,0,4400,none,New TOPAZ type Z summarecon,Rumah Dijual Makassar
115,4/8/2021,https://www.rumah123.com/properti/makassar/hos8140552/,535,Makassar,72,70,3,2,0,0,1,0,2200,SHM,Rumah murah minimalis TYPE 70 3 kamar belakang Polda sudiang kota makassar,"Rumah Dijual di
Dipasarkan rumah 2 lantai harga murah kualitas premium,

Lokasi strategis

-dekat bandara hasanuddin

-mall daya

-unhas

-akses tol

Type 70/72,

2 lantai

3 kamar dan 2 kamar mandi

Segera kunjungi lokasi kami sebelum kehabisan

Unit terbatas hub
bisa TLP/wa No profil"
116,4/8/2021,https://www.rumah123.com/properti/makassar/hos8140486/,842,Makassar,60,49,2,2,0,0,1,0,0,SHM,Roling Hills Makassar.... Free PPN dan BPHTB,"Perumahan Baru di Tanjung Bunga

Lokasi dekat dengan Trans Mall

Bebas PPN dan BPHTB

Ada 3 type:

5 x 12
5.5 x 15
7 x 15

Harga mulai 800 an juta"
117,4/7/2021,https://www.rumah123.com/properti/makassar/hos8137878/,3500,Makassar,176,256,3,3,1,0,1,0,5500,SHM,Rumah Mewah Tengah Kota Dekat Mall MP,"RUMAH 2 LANTAI BERKONSEP INDUSTRIAL & BALCONY DEKAT MALL MP

Berada dekat dengan Mall MP
Dekat Dengan Pusat Kuliner Hertasning
Tepat berada di Kawasan Panakkukang ALASKA, PASAR SEGAR PANAKKUKANG
Hanya 6 menit dari *TOL UTAMA KOTA MAKASSAR
Hanya 2 menit dari *Jalan AP PETTARANI

FULL FURNISHED AND INTERIOR
Hubungi segera :
0853-4224-0307

rumah mewah tengah kota makassar

jalan Boulevard, jalan Pengayoman, dekat MP, dekat alaska, tamalate, dekat jln. pettarani, jln sudirman, jl. ratulangi, jalan kumala, jln veteran selatan, jl monginsidi, jln latimojong, jalan rappocini, jalan rusa, jln bulukunyi, jl lanto dg. pasewang, jln anuang, jl. andi djemma eks landak baru, dekat metropolitan residence, dekat perumahan grand city, dekat mal ratu indah, tidak jauh dari mall panakukkang, dekat living plaza, dekat lapangan karebosi, dekat monumen mandala, dekat rumah ibadah, masjid nurut taibyn, masjid as - shalihin, masjid nurul kautsar, masjid muallim, balai pengajian bait"
118,4/7/2021,https://www.rumah123.com/properti/makassar/hos8135645/,307,Makassar,45,36,2,1,0,0,0,0,1300,SHM,"hunian cantik minimalis,bebas banjir","Hunian bebas riba, bebas banjir
Lokasi samping kampus unhas Makassar

Minat?
Telp/whatsapp 082 194 594 158"
119,4/6/2021,https://www.rumah123.com/properti/makassar/hos8129323/,1000,Makassar,126,112,3,2,0,0,0,0,2200,SHM,Rumah Amaryllis,"Rumah Dijual Makassar Dengan Perabot, Dekat Trans Studio Mall, Dekat RS SILOAM"
120,4/6/2021,https://www.rumah123.com/properti/makassar/hos8129254/,2500,Makassar,160,320,4,3,0,0,0,0,1300,SHM,Rumah Citraland Hertasning,"Rumah Dijual Makassar Turun harga 2.5m dari 2.7m, Water Heater, kolam renang, Kitchen Set,Gazebo"
121,5/4/2021,https://www.rumah123.com/properti/makassar/hos8127053/,1000,Makassar,128,49,2,2,0,0,0,0,2200,SHM,Rumah Murah Tengah Kota Dekat Pettarani,"dijual rumah makassar harga murah dalam kota. dekat jalan, jln. pettarani, dekat UMI, dekat RS Ibnu Sina, jln sudirman, jl. ratulangi, jalan kumala, jln veteran selatan, jl monginsidi, jln latimojong, jalan rappocini, jalan rusa, jln bulukunyi, jl lanto dg. pasewang, jln anuang, jl. andi djemma eks landak baru, dekat metropolitan residence, dekat perumahan grand city, dekat mal ratu indah, tidak jauh dari mall panakukkang, dekat living plaza, dekat lapangan karebosi, dekat monumen mandala, dekat rumah ibadah, masjid nurut taibyn, masjid as - shalihin, masjid nurul kautsar, masjid muallim, balai pengajian baitul ikhlas, gereja katolik santo josef pekerja gotong, gereja petra, gereja filadelfia, vihara girinaga, dekat sekolah tk sd smp sma, smp negeri 24, sma negeri 3, sma negeri 8, sma negeri 11, smk negeri 1, sekolah kristen pelita kasih, tpa nurul kautsar, dekat kampus stiem bongaya, dekat pasca sarjana stiem bongaya, dekat stt intim makassar, dekat kampus uin universitas islam negeri alauddin"
122,5/4/2021,https://www.rumah123.com/properti/makassar/hos8125673/,1550,Makassar,160,256,2,1,1,1,1,0,2200,HGB,Rumah Asri Citraland Red Burgundy,Rumah Dijualsewa Makassar Dalam Cluster
123,5/4/2021,https://www.rumah123.com/properti/makassar/hos8125641/,80000,Makassar,1400,555,5,4,2,1,1,0,16500,SHM,Rumah Lokasi Strategis Pinggir Jalan Raya dan Bisa dijadikan Kantor @Makassar,"Rumah 2 lantai dengan Spesifikasi, sebagai berikut : Kamar Tidur : 5+2, Kamar Mandi : 4+1, Listrik 16500 watt, LT : 1400, LB : 555, Surat : SHM, nego"
124,5/4/2021,https://www.rumah123.com/properti/makassar/hos8124866/,3700,Makassar,175,350,3,2,1,0,1,1,3500,SHM,Rumah Cantik,"Rumah Dijual Makassar Rumah Tengah Kota, 100 meter Ke Gereja Gotong2, 200 meter ke RS Pelamonia, 500 meter ke ke Mall Mari"
125,5/4/2021,https://www.rumah123.com/properti/makassar/hos8122409/,1200,Makassar,105,70,3,1,0,0,0,0,2200,SHM,Rumah Cantik Asri Tanjung Bunga Makassar,One Gate System Aman dan Nyaman Lingkungan Bagus untuk Anak bebas Banjir 
126,3/4/2021,https://www.rumah123.com/properti/makassar/hos8092274/,2900,Makassar,450,290,3,2,0,0,0,0,900,SHM,"rumah luas, siap huni, pekarangan asri",Rumah Dijual Makassar rumah tinggal asri pekarangan luas siap huni 
127,2/4/2021,https://www.rumah123.com/properti/makassar/hos8114067/,900,Makassar,84,84,2,2,0,0,0,1,1300,SHM,Rumah Mewah Siap Huni Strategis Makassar Sulawesi Selatan,"Jual cepat Rumah Mewah Siap Huni Strategis Makassar Sulawesi Selatan.Rumah 2 lantai tidak termasuk perabot dengan harga 900.000.000. Sertfikat : SHM
Alamat : Jl. Pongtiku lr4A Kecamatan Tallo Kalukuang Makassar
Kondisi : Baru (dibangun th 2018)
Fasilitas : T4 Jemuran, tandon air,
No Hp wa: 082388880382"
128,1/4/2021,https://www.rumah123.com/properti/makassar/hos8111721/,850,Makassar,95,80,3,2,0,0,1,0,2200,SHM,rumah mewah minimalis TYPE 80 Hertasning rapocini kota Makassar,"Rumah minimalis Harga Murah Citra Hertasning Makassar Di Lokasi yang Mudah Dijangkau
#Hanya 3 unit Rumah 2 lantai dengan TYPE 80/( 6,5x14,5), Inden 12 bulan
#kelebihan yang ditawarkan : Desain elegant & modern, Spesifikasi bangunan kelas 1, Struktur bangunan mengusung konsep rumah tumbuh (3 lantai ), Lokasi hanya 100 mter dari poros heetasning, Lingkungan aman & nyaman, Dekat dari pusat kuliner, Mall, Swalayan, dan juga dekat Sarana Pendidikan
Info lengkap hub: ARDi Gold99 property (Bisa TLP/wa no profil)"
129,1/4/2021,https://www.rumah123.com/properti/makassar/hos8109466/,4850,Makassar,300,400,3,2,3,1,0,0,4400,SHM,Rumah Asri,Rumah Dijual Makassar Dekat Mall Panakukang
130,1/4/2021,https://www.rumah123.com/properti/makassar/hos8109206/,1950,Makassar,112,160,4,3,0,0,1,0,0,none,Rumah di Makassar Ready Summarecon Makassar 2 lantai 4 kamar,"Rumah di Makassar Ready Summarecon Makassar 2 lantai 4 kamar LT. 8x14 Type 160
Fasilitas : kolam renang cluster, Lap. Basket, Taman Bermain, Sekolah AL Azhar"
131,1/4/2021,https://www.rumah123.com/properti/makassar/hos8109103/,1500,Makassar,135,108,3,2,0,0,1,1,1300,SHM,Rumah Lili,"Rumah Dijual Makassar Perumahan Lili, Dekat Mall Panakukang"
132,3/30/2021,https://www.rumah123.com/properti/makassar/hos8100785/,350,Makassar,72,36,2,1,0,0,1,0,1300,SHM,RUMAH MURAH DI DAYA PROMO DP 10%,"Rumah cantik lokasi daya biring kanaya
Type 36 luas tanah 6x12
Dekat Kantor Imigrasi,dekat Pasar Modern Daya,Dekat Kampus Ukip,Unhas dan Dipa Makassar

Unit Terbatas Promo Dp 10% dari harga 35jt
Info Pemesanan segera hubungi kami

Yuni 46 Property"
133,3/29/2021,https://www.rumah123.com/properti/makassar/hos2361629/,8100,Makassar,200,200,4,3,1,1,0,0,5500,SHM,Rumah badan lebar 10 kawasan pantai ,"Rumah badan 10x20 dan bangunan 2Lt. Masih lebih tanah belakang untuk taman. Di Kawasan mall termewah Makassar, pantai Tanjung Bunga, Trans Studio Mall Makassar"
134,3/28/2021,https://www.rumah123.com/properti/makassar/hos8089314/,1038,Makassar,84,73,2,2,0,0,0,0,2200,SHM,Rumah Mewah Lokasi Premium Kota Makassar ,"*Cluster Green Crystal summarecon Mutiara Makassar* *Lok. Exit Tol Ir. soetami KM 8* UNIT A Ukuran 614 UNIT B Ukuran 814 Unit C(Hook) Ukuran 814 Dilengkapi Dengan: Jaringan Internet Cepat Fiber to the Home Akses Tol Langsung Ir Sutami Club house yang dilengkapi dengan Muliti Function Hall, Swimming Pool dan Children Playground Utilitas Bawah Tanah Town Management Professional , CCTV dan Security 24 Jam *Dilengkapi Juga Dengan Smart Home System* "
135,3/25/2021,https://www.rumah123.com/properti/makassar/hos8080182/,875,Makassar,67,80,4,2,0,0,0,0,2200,SHM,rumah mewah minimalis TYPE 80 4 kamar dalam kota Makassar ,Launch Veteran Selatan Hanya 10 Unit # Type 80/67 # 4 Kamar tidur 2 kamar mandi  # Hanya 875 jt Khusus Pembelian cash Bonus : #Kanopi #kitchen set #Tandon Air #Ac 4 Unit(Daikin) #Tv Kabinet #Kompor Tanam + cooker hood #Dinding Hvl #Sofa #Lemari Tiap Kamar NB : Bonus Senilai 100 jt Indent 12 bulan Selain pembelian cash tdk mendapatkan seperti bonus di atas info lengkap hub ARDi property99 Bisa TLP/wa No profil 
136,3/25/2021,https://www.rumah123.com/properti/makassar/hos8077134/,1045,Makassar,84,92,3,2,0,0,0,0,2200,SHM,GREEN CRISTAL &#;Summarecon Mutiara Makassar&#34;,"GRAND LOUNCING : ""Green Cristal"" Setelah sukses dengan penjualan BLUE CRISTAL yang sukses dengan angka penjualan 100% di setiap tahap penjualannya, dan kini hadir dengan konsep lebih Baik lagi dengan di lengkapi SMART HOME yg menunjang Sebagai Rumah Pintar. SELLING POINTNYA Nilai Kenaikan 15% dalam setahun, Lingkungan Hjau, Kawasan CBD, Dan masih banyak lagi "
137,3/25/2021,https://www.rumah123.com/properti/makassar/hos8076059/,1200,Makassar,105,210,4,2,0,0,0,0,1300,SHM,"rumah sudut, siap huni, cocok usaha, cafe, 2 lantai",Rumah Dijual Makassar rumah 2 lantai kamar 4 kamar mandi 2 7m x 15m full bangunan
138,3/25/2021,https://www.rumah123.com/properti/makassar/hos8075963/,1160,Makassar,87,103,4,2,1,1,0,0,0,SHM,Rumah Mewah Strategis Lokasi Premium,"*Rumah 2 Lantai Cluster Beryl Summarecon Mutiara Makassar* Type Beryl 7 Ukuran 7x12.5 Harga 1,1 M Dimana Tiap Cluster Di Lengkapi Dengan : Jaringan Internet Cepat Fiber to the Home, Akses Tol Langsung Ir Sutami, Club house yang dilengkapi dengan Multi function Hall, Swimming Pool dan Children Playground, Utilitas Bawah Tanah , Town Management Professional, CCTV dan security 24 Jam"
139,3/25/2021,https://www.rumah123.com/properti/makassar/hos8075891/,2000,Makassar,144,162,3,3,1,1,0,0,3300,none,Rumah Cantik Lokasi Premium Kota Makassar ,"Hunian 2 Lantai Konsep Classic Timeless Lokasi Premium Summarecon Mutiara Makassar. Lok. Exit Tol Ir. Soetami KM 8 Cluster Neo Jade Type Jade 8 (1 Unit) Luas Tanah 818 Harga 2M Dapatkan Logam Mulia 25 Gram dan Dapatkan Juga Lucky Draw Hadiah Menarik *dilengkapi Dengan Fasilitas Tiap Cluster:* Jaringan Fiber To The Home & Utilitas Bawah Tanah, One Gate System dan Face Recognition, Club House yg di Lengkapi Swimming Pool dan Children Playground Town Management Profesional + CCTV 24 Jam *Unit Terbatas*"
140,3/24/2021,https://www.rumah123.com/properti/makassar/hos8075661/,340,Makassar,84,50,2,1,0,0,0,0,1300,SHM,"Spesial Promo Khusus Untuk PNS, POLRI dan BUMN","GEBYAR PROMO PENGHABISAN SPESIAL PENAWARAN KHUSUS PNS, POLRI, BUMN dan Pegawai Perusaan Status Tetap#  Spesial DP Hanya 4 Jt Dengan Syarat Belum Memiliki Angsuran Kredit Berjalan di Bank INFO DETAIL TLP/WA 085-340-522-007 Bit.ly/37CUMTN (SELAMA KOUTA UNIT TERSEDIA) *(////) ====================================== 10% 4! 24 =====================================  ir (. )  * ====================================== Telp/WA 085-340-522-007 Griya Kenari Moncongloe Makassar #Type 4/78# (SISA 4 Unit) #Type 50/84# (SISA 4 Unit) (2 Kamar Tidur + 1 Kamar Mandi) Harga : Rp. 351.500.000 jt Lokasi Super Strategis +Pinggir Jalan Poros Trans Mongcongloe +Dekat Dengan SD, SMP dan SMA +Akses Dekat Dari Kota Rs Wahidin, Rs Daya, POLDA dan Bandara Hasanuddin +Berdampingan Dengan Kantor Camat +Berdampingan Dengan Pesantren IMMIM Putra + Pengembangan Kota Mandiri Ring Road Mamminasata +Area BTP, Perintis Kemerdekaaan dan D"
141,3/24/2021,https://www.rumah123.com/properti/makassar/hos8073113/,2900,Makassar,202,200,4,4,0,0,0,0,2200,SHM,"rumah mewah, kantor, hunian, poros jalan, depan indomaret","Rumah Dijualsewa Makassar rumah mewah,2 lantai ,4 kamar tidur luas,4 kamar mandi,posisi sudut, berhadapan indomaret,4 unit AC"
142,3/24/2021,https://www.rumah123.com/properti/makassar/hos8072877/,5500,Makassar,495,200,4,3,1,1,0,0,2200,SHM,Rumah Tengah Kota Untuk Tempat Tinggal,"Rumah Dijualsewa Makassar, k.tidur 4+1,k. mandi 3+1"
143,3/24/2021,https://www.rumah123.com/properti/makassar/hos8072526/,1650,Makassar,108,117,4,4,0,0,1,0,2200,SHM,Rumah dekat Mall,"Rumah Dijual Makassar Rumah hanya 5 menit ke Mall Panakukang,Rumah 1 1/2 lantai,Rumah sudah renovasi"
144,3/24/2021,https://www.rumah123.com/properti/makassar/hos8072462/,1700,Makassar,228,79,4,3,0,0,1,0,900,SHM,"siap huni, pekarangan luas, pusat kota, dekat panakukang","Rumah Dijual Makassar rumah tinggal dengan pekarangan dan garasi yang luas,4 kamar tidur,3 kamar mandi,siap huni, lengkap pompa air, ac 1 unit, tandon air, kitchen set, kompor tanam Modena, jaringan wifi Indihome"
145,3/23/2021,https://www.rumah123.com/properti/makassar/hos8070053/,3880,Makassar,200,204,3,3,1,1,1,1,3500,HGB,Rumah Mewah 2 Lantai Di Kawasan Citraland Celebes Hertasning Makassar,"Type Blizz,Rumah Mewah Citraland Celebes Hertasning Makassar,Hanya 1 Unit,Type Bliss (10x20),LT 200 . LB 204 ,KT 3+1 . KM 3+1 .,Dilengkapi Kolam renang pribadi , Garasi , CarPort dan Backyard,Harga Mulai 3,88M an,taman bermain anak depan unit Bliss dan terletak di cluster Golden Garnet,Unit Ready dan Siap Huni
,Terletak di Cluster Golden Garnet,More Info,Marketing Executive
"
146,3/23/2021,https://www.rumah123.com/properti/makassar/hos8066938/,700,Makassar,170,170,4,3,3,3,0,0,1300,SHM,"rumah dan kos 3 kamar, area pettarani, belakang UNM","Rumah Dijual Makassar rumah + kos,rumah 2 lantai,kamar tidur 4 dan 3 kamar mandi,kos 3 kamar, semua kamar mandi dalam
,belakang kantor BPN, UNM GEDUNG PHINISI"
147,3/23/2021,https://www.rumah123.com/properti/makassar/hos8066174/,3500,Makassar,216,250,5,4,0,0,0,1,3300,SHM,Rumah Mewah 2 Lantai Second Pusat Kota Makassar dekat Mall Panakkukang,"PERUMAHAN AZALEA PANAKUKANG

RUMAH SECOND CANTIK TENGAH KOTA MAKASSAR
LOKASIH STRATEGIS
2 MENIT KE MALL PANAKUKANG
2 MENIT HOTEL SWISS BELL
3 MENIT JALAN POROS PETTARANI

FULL PRABOT
LUAS 12 18
5 KAMAR TIDUR
4 KAMAR MANDI

HARGA 3,5M NEGO

INFO CEK LOKASI
085233470322
Muhammad Yandi"
148,22/03.2021,https://www.rumah123.com/properti/makassar/hos8063434/,3664,Makassar,252,267,4,3,1,1,0,1,2200,HGB,Rumah Mewah Citraland TALLASA City,Rumah Dijual Makassar
149,22/03.2021,rumah123.com/properti/makassar/hos8063251/,899,Makassar,90,55,3,2,0,0,1,0,2200,HGB,Citraland Tallasacity Rumah lantai harga 800 JT an ( Magnolia),Rumah Dijual Makassar
150,22/03.2021,https://www.rumah123.com/properti/makassar/hos8061143/,5500,Makassar,495,200,4,3,1,1,0,1,2200,SHM,Rumah klasik,"Lokasi pusat kota Makassar.
Lokasi dekat Mall Ratu Indah, Perkantoran, Perbankan, kawasan bisnis & kuliner.Rumah 2 lantai
4 + 1 Kamar Tidur
2 Kamar Tidur & 1 Kamar Tidur Art di Lantai 1
2 Kamar Tidur di Lantai 2.
Kamar Utama di Lantai 2,4 Kamar Mandi
2 Kamar Mandi di Lantai 1.
2 Kamar Mandi di Lantai 2. Kamar Utama ada Kamar Mandi dalam kamar."
151,20/03/2021,https://www.rumah123.com/properti/makassar/hos8058867/,535,Makassar,72,70,3,2,0,0,0,0,2200,SHM,Rumah Cluster Dua Lantai Nirwana Galaxy Inn Promo Diskon Besar,"Cluster Mewah Rumah 2 lantai belakang Kantor Polda,PROMO CASH !!!
Tipe 70 uk 6x12 @ 535 jt
3 KT - 2 KM , 2 lantai
Tipe 82 uk 7x12 @ 685 jt
3 KT - 2 KM , 2 lantai
Tipe 95 uk 6x12 @ 680 jt
4 KT - 3 KM , 2 lantai
Tipe 113 uk 7x12 @ 784 jt
4 KT - 3 KM , 2 lantai
"
152,20/03/2021,https://www.rumah123.com/properti/makassar/hos8058186/,858,Makassar,105,100,3,2,0,0,1,0,2200,SHM,Rumah 2 Lantai Dalam Cluster Bebas Banjir Posisi Poros Perintis Sudiang,"Tipe Primerose
Luas Bangunan 100 M2
Luas Tanah 105 M2 (7x15)
Kamar Tidur 3
Kamar Mandi 2
Carport dan Dapur,Lokasi Sangat Strategis:
150 Meter dari Indogrosir Sudiang
Dekat ke Bandara Sultan Hasanuddin
Dekat ke Jalan Tol Ir. Sutami KM8.
Dekat ke Asrama Haji
Dekat ke Polda Makassar
"
153,20/03/2021,https://www.rumah123.com/properti/makassar/hos8056778/,1200,Makassar,105,200,3,3,0,0,0,0,2200,SHM,"siap huni, tanjung bunga, mewah, 2.5 lantai, terawat","Rumah Dijual Makassar rumah siap huni,semifurnish, yang lengket di rumah,2.5 lantai,jual cepat"
154,19/03/2021,https://www.rumah123.com/properti/makassar/hos8056154/,1300,Makassar,90,130,4,3,0,0,1,0,2200,SHM,Rumah Dua Lantai Type 130 Lokasi Tengah Kota Makassar,"Dipasarkan Rumah dua Lantai di Jalan Faisal Lokasi tengah kota Makassar. berada ditengah kota Makassar Jl Pettarani Pusat Bisnis dan perkantoran dekat dengan Rumah Sakit, Kampus dll. Type 130 empat kamar tidur"
155,19/03/2021,https://www.rumah123.com/properti/makassar/hos8054749/,1880,Makassar,140,80,3,2,0,0,1,0,2200,HGB,Rumah 2 Lantai Siap Huni Hanya 1 Unit Di Kawasan Citraland Celebes Makassar,"Rumah Siap Huni Hanya 1 Unit Di Kawasan Citraland Celebes Hertasning Makassar

New type Calista
(7x20)
LT 140 . LB 80
KT 3 . KM 2
Terletak di cluster terdepan di Citraland Celebes .
Unit Ready , Siap Huni .

Harga 1,88M an

Miliki segera unitnya .

Dapatkan promo potongan Harga , selama bulan Maret .

Unit terbatas .
Citraland Celebes terletak di kawasan Elite , Bebas banjir, Lingkungan yang hijau , dengan berbagai fasilitas yang lengkap dan berada di kawasan berkembang Sulsel .

Pastikan hunian yang tepat untuk keluarga Tercinta
"
156,19/03/2021,https://www.rumah123.com/properti/makassar/hos8054712/,3992,Makassar,250,204,4,4,1,1,1,0,3500,HGB,"Rumah Mewah 2 Lantai Di Kawasan Citraland Celebes Hertasning Makassar
","Type Vianca,Rumah Exclusive Di Citraland Celebes Hertasing Baru Makassar,Launching tipe cluster terdepan dan terbaru Citraland Celebes Hertasning,Hunian yg sangat cocok untuk anda, lingkungan Aman nyaman, Kolam renang Pribadi,Luas Bangunan Standar 204M2,Luas Tanah (1025) 250M2,4+1 Kamar Tidur,4+1 Kamar Mandi,3 Ruang Tamu, Mulai 3.992M-an,DP ringan 15%,Cash lunak 24x,ree biaya Bphtb Ajb Bbn dan Ppn,Privat Garden Tiap Unit,Unit di Cluster Terdepan,Swimming Pool Optional
"
157,19/03/2021,https://www.rumah123.com/properti/makassar/hos8054169/,400,Makassar,91,60,2,2,0,0,0,0,2200,SHM,Rumah Minimais,rumah Dijual Makassar Rumah 1 lantai
158,19/03/2021,https://www.rumah123.com/properti/makassar/hos8053827/,1800,Makassar,135,160,4,4,0,0,1,0,1300,SHM,Rumah Minimalis,Rumah Dijual Makassar Rumah 2 lantai
159,19/03/2021,https://www.rumah123.com/properti/makassar/hos8052270/,5074,Makassar,144,184,5,4,0,0,1,0,3500,HGB,Rumah Mewah Citraland Losari,"Rumah Dijual Makassar Rumah 2 lantai type Sapphire posisi hoek,Kamar Tidur ada 2 di Lantai 1 ( kamar tamu & kamar Art ),Kamar Tidur ada 3 di lantai 2,Kamar mandi 2 ada di lantai 1,Kamar mandi ada 2 di lantai 2"
160,19/03/2021,https://www.rumah123.com/properti/makassar/hos8052261/,6356,Makassar,210,151,5,4,0,0,1,0,2200,HGB,Rumah Mewah Citraland Losari di Hoek,"Rumah Dijual Makassar Rumah 2 lantai type Sapphire posisi hoek,Kamar Tidur ada 2 di Lantai 1 ( kamar tamu & kamar Art ),Kamar Tidur ada 3 di lantai 2,Kamar mandi 2 ada di lantai 1,Kamar mandi ada 2 di lantai 2"
161,19/03/2021,https://www.rumah123.com/properti/makassar/hos8051935/,3500,Makassar,217,217,5,4,0,0,1,1,2200,SHM,Rumah Mewah Tengah Kota Makassar,RUMAH SECOND CANTIK TENGAH KOTA MAKASSAR LOKASI STRATEGIS
162,19/03/2021,https://www.rumah123.com/properti/makassar/hos8051815/,700,Makassar,55,55,2,2,0,0,0,1,2200,none,Rumah Cantik Model Klasik dan Harga Menarik,Coming Soon Cluster The Topaz Summarecon Mutiara Makassar
163,19/03/2021,https://www.rumah123.com/properti/makassar/hos8051249/ ,335,Makassar,86,45,2,1,0,0,0,0,900,SHM,Rumah cantik minimalis villa discovery barombong kota makassar,Tingkatkan Kualitas Hidup Anda Bersama Hunian Berkualitas Villa Discovery Barombong
164,18/03/2021,https://www.rumah123.com/properti/makassar/hos8049677/,3400,Makassar,102,125,3,3,1,1,1,0,2200,HGB,Rumah Mewah Citraland Losari,Rumah Dijual Makassar Rumah 2 lantai
165,18/03/2021,https://www.rumah123.com/properti/makassar/hos8049600/,450,Makassar,96,42,2,1,0,0,1,0,1300,none,Rumah Allysum Tanjung Bunga,Rumah Dijual Makassar
166,18/03/2021,https://www.rumah123.com/properti/makassar/hos8049428/,12598,Makassar,420,294,5,5,0,0,1,0,5500,HGB,Rumah Mewah Citraland Losari di Hoek,Rumah Dijual Makassar Rumah 2 lantai posisi hoek
167,18/03/2021,https://www.rumah123.com/properti/makassar/hos8049335/,9369,Makassar,301,235,5,5,0,0,1,0,5500,HGB,Rumah Mewah Citraland Losari di Hoek,Rumah Dijual Makassar Rumah 2 lantai
168,18/03/2021,https://www.rumah123.com/properti/makassar/hos8049262/,5074,Makassar,144,184,5,4,0,0,1,0,3500,HGB,Rumah Mewah Citraland Losari,Rumah Dijual Makassar Rumah 2 lantai
169,18/03/2021,https://www.rumah123.com/properti/makassar/hos8049186/,6356,Makassar,210,151,5,4,0,0,1,0,2200,HGB,Rumah Mewah Citraland Losari di Hoek,Rumah Dijual Makassar Rumah 2 lantai type Sapphire posisi hoek
170,18/03/2021,https://www.rumah123.com/properti/makassar/hos8047249/,4500,Makassar,144,200,5,4,0,0,0,0,5500,SHM,Rumah Elegant & full perabot,Rumah Dijual Makassar Rumah Cluster Rafflesia Tg Bunga
171,18/03/2021,https://www.rumah123.com/properti/makassar/hos8047242/,980,Makassar,104,180,4,3,0,0,1,0,1300,SHM,Rumah Siap Huni MINASA UPA . Dekat jl. Hertasning baru,Rumah Dijual Makassar dekat jalan Hertasning Baru
172,18/03/2021,https://www.rumah123.com/properti/makassar/hos8046998/,6500,Makassar,450,450,10,6,0,0,1,0,5500,SHM,Rumah Komp. Haji Kalla,Rumah Dijual Makassar Lokasi strategis dekat Kantor Gubernur
173,18/03/2021,https://www.rumah123.com/properti/makassar/hos8046976/,1900,Makassar,144,190,4,4,0,0,1,0,2200,SHM,Rumah Siap Huni Dekat Kampus Umi,Rumah Dijual Makassar Lokasi strategis dekat Kampus Umi
174,18/03/2021,https://www.rumah123.com/properti/makassar/hos8046600/,899,Makassar,90,55,3,2,0,0,1,0,2200,SHM,Rumah 2 Lantai Harga 900 Jutaan Di Kawasan Citraland Tallasa City Makassar,Rumah 2 Lantai Di Kawasan Citraland Tallasa City Makassar
175,18/03/2021,https://www.rumah123.com/properti/makassar/hos8046564/,3750,Makassar,91,221,4,4,1,1,1,1,3300,HGB,Rumah 3 Lantai Siap Huni Posisi Hook Poros Pettarani Makassar,Sisa 1 Unit Hunian 3 Lantai Siap Huni Pusat Kota Makassar Lok. Poros Pettarani
176,18/03/2021,https://www.rumah123.com/properti/makassar/hos8046559/,3640,Makassar,252,267,4,3,1,1,1,1,3500,SHM,Rumah Premium 2 Lantai Kawasab Berkembang Citraland Tallasa City Kota Makassar,"Dikembangkan developer nasional 1 Ciputra, di lahan kota mandiri baru seluas 750 hektar dan dikelilingi oleh *Mall Ciputra, Universitas Binus, Mitra 10, Sekolah Citra Kasih, Waterboom & Club House"
177,18/03/2021,https://www.rumah123.com/properti/makassar/hos8046546/,2906,Makassar,180,220,4,3,1,1,1,1,3300,SHM,Rumah Premium 2 Lantai Di Kawasan Citraland Tallasa City Makassar,Type AMETHYST
178,17/03/2021,https://www.rumah123.com/properti/makassar/hos8045108/,650,Makassar,119,80,2,2,0,0,1,0,1300,SHM,"Rumah di Makassar, jln hertasning Minasa Upa Luas 7 x 17 SIAP HUNI, Bebas banjir",Dipasarkan rmh type 70/119 (7 X 17)
179,17/03/2021,https://www.rumah123.com/properti/makassar/hos8044756/,1900,Makassar,214,68,3,2,0,0,0,0,1300,SHM,Rumah Sudut Rafflesia,Rumah Dijualsewa Makassar Rumah Sudut
180,17/03/2021,https://www.rumah123.com/properti/makassar/hos8044170/,3400,Makassar,102,125,3,3,1,1,1,0,2200,HGB,Rumah Mewah Citraland Losari,Rumah Dijual Makassar Rumah 2 lantai
181,16/03/2021,https://www.rumah123.com/properti/makassar/hos8039424/,990,Makassar,126,105,3,1,0,0,1,0,2200,SHM,Rumah 1 lantai Blossom,Rumah Dijual Makassar pintu dan jendela sudah tralis besi
182,16/03/2021,https://www.rumah123.com/properti/makassar/hos8039490/,2350,Makassar,174,225,5,5,0,0,1,0,1300,SHM,Rumah Cantik,Rumah Dijual Makassar Rumah sudut
183,16/03/2021,https://www.rumah123.com/properti/makassar/hos8039155/,1500,Makassar,125,217,2,2,0,0,0,1,900,SHM,Rumah Barombong,Rumah Dijual Makassar
184,16/03/2021,https://www.rumah123.com/properti/makassar/hos8039401/,950,Makassar,84,84,3,2,0,0,0,0,2200,SHM,Rumah Halmin,Rumah Dijual makassar
185,15/03/2021,https://www.rumah123.com/properti/makassar/hos8033389/,417,Makassar,78,45,2,1,0,0,1,0,1300,HGB,Rumah Baru Minimalis Ville Park,Rumah Dijual Makassar Rumah Baru
186,15/04/2021,https://www.rumah123.com/properti/makassar/hos8034848/,2400,Makassar,126,107,4,3,0,0,0,1,2200,SHM,Sudah Renovasi Rumah new Jasmine Tanjung bunga,Rumah dijual makassar
187,15/03/2021,https://www.rumah123.com/properti/makassar/hos8034546/,2350,Makassar,216,450,5,5,0,0,1,0,1300,SHM,Rumah Cantik,Rumah dijual Makassar Rumah Sudut
188,15/03/2021,https://www.rumah123.com/properti/makassar/hos8032597/,2547,Makassar,198,102,4,3,1,1,1,0,3300,SHM,Rumah 2 Lantai Siap Huni Citraland Celebes Hertasning Makassar,type majesty
189,15/03/2021,https://www.rumah123.com/properti/makassar/hos8037259/,1000,Makassar,128,49,2,2,0,0,0,0,2200,SHM,Rumah murah tengah kota,Araland Residence merupakan perumahan dalam kota yg sangat dekat dekat Pettarani dengan one gate system
190,15/03/2021,https://www.rumah123.com/properti/makassar/hos8034968/,3800,Makassar,609,600,3,1,0,0,0,0,5500,SHM,Gedung dijalan protokol makassar,Gedung pernah disewa bank di jalan Ratulangi Makassar.
191,15/03/2021,https://www.rumah123.com/properti/makassar/hos8034289/,1700,Makassar,194,120,3,3,0,0,0,0,1300,SHM,Rumah sudah Renovasi 1 lantai Tanjung bunga,Rumah Dijual Makassar Amaryllis Calesta
192,14/03/2021,https://www.rumah123.com/properti/makassar/hos8032484/,2023,Makassar,144,162,3,3,1,1,0,0,3300,SHM,Rumah premium 2 lantai kawasan summarecon Makassar claster Jade 1 unit,Rumah Premium Dengan Konsep Classic Timeless di Kawasan Kota Mandiri Summarecon Mutiara Makassar
193,14/03/2021,https://www.rumah123.com/properti/makassar/hos8032474/,2760,Makassar,128,145,3,4,1,1,1,0,3300,SHM,"Rumah mewah 2 lantai  tengah kota Makassar,jalan Monginsidi baru",Segera Dapatkan Hunian Mewah Eksklusif di Jantung Kota Makassar
194,14/03/2021,https://www.rumah123.com/properti/makassar/hos8032472/,858,Makassar,105,100,3,2,0,0,1,0,2200,SHM,Runah 2 Lantai Dekat Bandara dan Poros Perintis Sudiang Makassar,Tipe Primerose
195,14/03/2021,https://www.rumah123.com/properti/makassar/hos8031483/,441,Makassar,72,40,2,1,0,0,1,0,1300,SHM,Rumah minimalis dekat dari bandara Hasanuddin perintis sudiang kota makassar,Rumah siap Huni type 40/72  2 kmr tdur 1 kmr mndi
196,14/03/2021,https://www.rumah123.com/properti/makassar/hos8031399/,2100,Makassar,128,128,3,3,1,1,0,0,3300,SHM,Full renovasi harga miring,Lokasi perumahan elite Makassar dan Gowa jaminan berbagai fasilitas Citra Land City Tun Abdul Razak.
197,13/03/2021,https://www.rumah123.com/properti/makassar/hos8029393/,400,Makassar,84,45,2,1,0,0,1,0,1300,SHM,Rumah Minimalis Haska Borong Graha Tengah Kota Makassar,Dipasarkan Rumah Tengah Kota Makassar Haska Borong Graha Mulai Type 45/84
198,13/03/2021,https://www.rumah123.com/properti/makassar/hos8029351/,9172,Makassar,90,55,2,1,0,0,1,0,2200,SHM,Citraland Tallasa City,Rumah dijual Makassar
199,13/03/2021,https://www.rumah123.com/properti/makassar/hos8029309/,2500,Makassar,240,240,2,2,0,0,0,0,2200,SHM,Rumah Tua,Rumah Dijual Makassar Nego
200,12/3/2021,https://www.rumah123.com/properti/makassar/hos8027666/,587,Makassar,84,70,3,2,0,0,1,0,2200,SHM,"RUMAH 2 LANTAI MURAH di Makassar, dekat BULOG, Kantor Gubernur, MALL NIPAH, Kampus UMI",Rumah 2 lantai murah di makassar
201,12/3/2021,https://www.rumah123.com/properti/makassar/hos8017312/,650,Makassar,104,80,4,3,0,0,0,0,1300,SHM,Rumah Mewah 2 Lantai Harga Promo Lokasi Sudiang,"Rumah Mewah 2 Lantai Harga Promo Lokasi Sudiang
Rumah mewah 2 Lantai lokasi strategis di Sudiang dilengkapi fasilitas security 24 jam,mesjid,taman bermain anak,taman hijau dan jogging area
Segera hubungi nomor kami yang tertera diiklan ini"
202,12/3/2021,https://www.rumah123.com/properti/makassar/hos5603737/,8000,Makassar,400,500,6,5,1,1,2,2,4400,SHM,Rumah MEWAH 6 kamar lengkap dengan perabot di Citraland Makassar,"Rumah MEWAH 6 kamar lengkap dengan perabot di Citraland Makassar
Rumah Mewah 6 kamar ( 4 kamar dengan kamar mandi dalam)
Dapur basah dan dapur bersih, Garasi 2 Mobil, Carport 2 Mobil, saringan air bersih, 2 provider internet, CCTV, Lengkap perabot"
203,11/3/2021,https://www.rumah123.com/properti/makassar/hos8021775/,680,Makassar,108,60,3,2,0,0,1,0,2200,SHM,Rumah murah minimalis siap huni di tengah kota Hertasning rapocini kota Makassar,"Rumah Baru Siap Huni Lokasi Hertasning Makassar

Hunian eksklusif modern di daerah strategis dalam kota makassar, desain mewah dengan perpaduan warna yang elegant. Type 60, luas tanah 6.18 dan hanya di bandrol dengan harga 680

Di wilayah hertasning sangat sulit mendapatkan hunian dengan luas tanah seperti ini, apalagi dalam kondisi baru. tersedia 1 unit lagi!!!

# 7 Menit dari Pettarani
#7 Menit dari kampus UNM
#Dekat dari perkantoran dan Pusat Kota
#Dekat dari pasar tradisonal
#Dekat dari sarana pendidikan, SD, SMP, SMA & Kampus

Kebijakan Developer :
-Tidak termakasud BPHTB, AJB, Balik Nama, PPH dan Notaris
-Tidak termaksud biaya AKAD KREDIT

Info lebih lanjut hub: Ardi Gold property 99. Telp/wa no profil"
204,11/3/2021,https://www.rumah123.com/properti/makassar/hos8021203/,1650,Makassar,153,200,5,4,0,0,0,0,2200,SHM,Rumah Mewah 2 Lantai lokasi pusat kota Makassar jalan Pengayoman,"Hunian mewah lokasi strategis di pengayoman belakang Mall Panakkukang
2 lantai di lengkapi fasilitas security dan mesjid

Akses dekat kemana mana,dekat dari semua fasilitas umum."
205,10/3/2021,https://www.rumah123.com/properti/makassar/hos8018873/,395,Makassar,78,45,2,1,0,0,0,0,900,SHM,rumah cantik minimalis dekat dari kampus Unhas kota Makassar,"Rumah Baru Tengah Kota Makassar

Terletak dilokasi yang paling banyak di incar dalam kota makasaar,
lokasi dekat dengan kampus Unhas.uim.dan STIMIK.

#harga 395jt (CASH). sangat kompetitif tanpa mengurangi kuwalitas bangunan!!!

Tersedia TYPE
Type 45/ 78 1 lantai

tidak perlu ragu, hunian ini dekmbangkan oleh developer terpercaya dan telah banyak membangun perumhan dalam kota. buruan kunjungi lokasi kami sebelum kehabisan. unit terbatas!!!

Info lengkap hub: ARDi Gold99 property. Bisa TLP/wa no profil"
206,10/3/2021,https://www.rumah123.com/properti/makassar/hos8018867/,2000,Makassar,91,60,3,2,0,0,1,0,1300,SHM,Rumah siap Huni dkt Jl. Perintis kemerdekaan,Rumah Dijual Makassar
207,10/3/2021,https://www.rumah123.com/properti/makassar/hos8018684/,1000,Makassar,60,60,3,2,0,0,1,0,1300,SHM,"2 lantai, pusat kota, kawasan elit, modern","Rumah Dijual Makassar Rumah mewah dalam komplek Golden Park, ready stok"
208,10/3/2021,https://www.rumah123.com/properti/makassar/hos8018536/,2000,Makassar,90,150,3,2,0,0,0,1,2200,SHM,"pusat kota, rumah dan lokasi usaha, 3 lantai, siap huni","Rumah 3 lantai Dijual Makassar, Fasilitas: 3 air conditioner, 1 kulkas, Garasi, pam, telpon, wifi indihome 20mbps, water heater, pln 2300watt
Dijual beserta perabot dan alat2 percetakan. Sehingga hanya perlu bawa pakaian dan langsung bisa buka usaha.

2 unit komputer, mesin cetak riso, mesin potong.

harga nego"
209,10/3/2021,https://www.rumah123.com/properti/makassar/hos8018492/,4500,Makassar,300,576,4,3,0,0,1,1,2200,SHM,Rumah Mewah Citraland Celebes,Rumah Dijual Makassar Free Pajak ditanggung penjual
210,9/3/2021,https://www.rumah123.com/properti/makassar/hos8017166/,650,Makassar,90,56,2,1,0,0,1,0,1300,SHM,Rumah murah minimalis siap huni di tengah kota Makassar,"Rumah Siap Huni Dalam Kota & Bebas Banjir

Miliki segera Hunian Cluster Modern lokasi Strategis dekat dari hertasning. saat ini dalam pengembangan tahap 3. Progres 90%. dikembangkan oleh Developer terpercaya dikota makassar/Gowa. Unit terbatas !!!

- 5 menit dari kampus UNM/Unismuh
- 5 menit dari alauddin
- 7 menit dari pettarani
- Dekat dari sarana pendidikan
- Dekat dari pasar tradisional dan Swalayan
- Aman & Nyaman
-One Gate System
-Row jalan 7/8 Meter

Tersedia 4 type

Info lengkap hub: Ardi Gold property99 (TLP/wa no profil)"
211,9/3/2021,https://www.rumah123.com/properti/makassar/hos8013413/,2500,Makassar,240,240,2,2,0,0,0,0,2200,SHM,Rumah Tua sampaing Warkop Haihong,Rumah Dijual Makassar Nego
212,9/3/2021,https://www.rumah123.com/properti/makassar/hos4584021/,4500,Makassar,200,250,4,3,1,1,0,0,2200,SHM,Rumah Jalan Gunung Bromo Tanjung Bunga Makassar,"Rumah Jalan Gunung Bromo Tanjung Bunga Makassar
Rumah Dijual Jalan Gunung Bromo Tanjung Bunga Makassar

LT = 10 x 20
LB = 250 m
KT = 4+1
KM = 3+1
Listrik = 2200 Watt
PAM

Lokasi :
Dekat Sekolah Dian Harapan
Kediaman yang aman dan asri

*Harga Sewaktu waktu dapat berubah tanpa pemberitahuan sebelumnya*

"
213,9/3/2021,https://www.rumah123.com/properti/makassar/hos4630100/,2000,Makassar,176,210,3,2,1,1,0,0,5500,SHM,Rumah Jalan Pengayoman Panakukkang Makassar,"Rumah Jalan Pengayoman Panakukkang Makassar
Listing ini merupakan Verified Listing Rumah123
Tim Rumah123 sudah melakukan pengecekan dokumen, lokasi asli, dan harga sesuai
Silahkan laporkan dan dapatkan kompensasi apabila listingan bukti tidak sesuai
Pasti Aman, Harga Sesuai, Respon cepat!

Rumah dijual di Komp. Mawar Blok E Panakukkang Makassar
LT : 176 m2 (11x15)
LB : 2 lantai hampir full
KT = 3+1
KM = 2+1
Listrik 5500 W.
AC = 3 unit
SHM.
PAM
Lokasi sangat dekat dengan Mall Panakukkang
"
214,8/3/2021,https://www.rumah123.com/properti/makassar/hos8010133/,4500,Makassar,144,200,4,4,1,0,1,0,5500,SHM,R A Full Furnish,"Rumah Dijual Makassar Full Furnish, 6 unit AC, Instalasi CCTV"
215,8/3/2021,https://www.rumah123.com/properti/makassar/hos8010095/,2500,Makassar,144,288,2,2,1,1,0,0,1300,SHM,Rumah siap huni Rafflesia,"Rumah Dijual Makassar Siap Huni, Terawat
"
216,8/3/2021,https://www.rumah123.com/properti/makassar/hos8010017/,1000,Makassar,126,112,3,2,0,0,0,0,2200,SHM,Rumah Amaryllis,"Rumah Dijual Makassar Dengan Perabot
Dekat Trans Studio Mall
Dekat RS SILOAM"
217,8/3/2021,https://www.rumah123.com/properti/makassar/hos8009003/,535,Makassar,72,70,3,2,0,0,0,0,0,SHM,Rumah Minimalis 3 kamar belakang Polda perintis kota Makassar,"Rumah Minimalis 3 kamar belakang Polda perintis kota Makassar
Dipasarkan rumah 2 lantai harga murah kualitas premium,

Lokasi strategis
-dekat bandara hasanuddin
-mall daya
-unhas
-akses tol
Type 70/72,
2 lantai
3 kamar dan 2 kamar mandi

Segera kunjungi lokasi kami sebelum kehabisan

Unit terbatas hub
Bisa TLP/wa No profil

"
218,8/3/2021,https://www.rumah123.com/properti/makassar/hos8009566/,850,Makassar,95,80,3,2,0,0,1,0,2200,SHM,Rumah mewah minimalis TYPE 80 dekat dari Mall Panakukkang kota Makassar,"Rumah minimalis Harga Murah Citra Hertasning Makassar Di Lokasi yang Mudah Dijangkau

#Hanya 3 unit dengan TYPE
-TYpe 80/( 6,5x14,5)
-Hrga 850
-Inden 12 bulan
-3 kmr tdur 2 kmr mndi
-Rumah 2 lantai

#kelebihan yang ditawarkan :
-Desain elegant & modern
-Spesifikasi bangunan kelas 1
-Struktur bangunan mengusung konsep rumah tumbuh (3 lantai )
-Lokasi hanya 100 mter dari poros heetasning
-Lingkungan aman & nyaman
-Dekat dari pusat kuliner, Mall, Swalayan, dan juga dekat Sarana Pendidikan

Info lengkap hub: ARDi Gold99 property (Bisa TLP/wa no profil)"
219,8/3/2021,https://www.rumah123.com/properti/makassar/hos8009429/,900,Makassar,120,80,2,2,0,0,1,0,2200,SHM,Rumah Asri Clove,Rumah Dijualsewa Makassar Siap Huni
220,5/3/2021,https://www.rumah123.com/properti/makassar/hos3913159/,455,Makassar,72,45,2,1,0,0,0,1,1300,SHM,Hunian exclusive ditengah kota Makassar,"Hunian exclusive ditengah kota Makassar
Cluster cantik rumah minimalis modern lokasi sangat strategis di tamangapa antang yang merupakan tembusan hertasning baru.

Cluster yang dilengkapi CCTV, security 24 jam, one gate system
Dekat dari sekolah SD sampai SMU, kampus,rumah sakit, pusat perbelanjaan, dan hanya 15 menit dari mall panakkukang.

Free : Pagar,kanopy, tandon air, mesin air Free : biaya balik nama dan pajak
Free : biaya kpr
Cukup siapkan Dp saja
Rumah sudah lengkap dapur.

"
